date,Strategy,Benchmark,Active
2011,0.022516593472620583,-0.012179521514500413,0.034696114987120996
2012,0.17048086698354759,0.16764600120500095,0.002834865778546636
2013,0.31527106373660296,0.32059197415528584,-0.005320910418682878
2014,0.15042519798412823,0.14593939340558526,0.004485804578542973
2015,0.014228329125658856,0.021113928754403988,-0.0068855996287451315
2016,0.11766930922240548,0.13139639714507045,-0.013727087922664971
2017,0.2506662326075977,0.24933421871904726,0.0013320138885504207
2018,-0.04987635386719569,-0.03615347526022161,-0.013722878606974076
2019,0.3013110856370118,0.3276074128073787,-0.026296327170366895
2020,0.2436474684426213,0.2411758217854516,0.0024716466571697016
2021,0.3005328654170145,0.3013148965562966,-0.0007820311392821022
2022,-0.20129927035114537,-0.20918638846270166,0.00788711811155629
2023,0.28941251148168323,0.31103433350082055,-0.021621822019137316
2024,0.3316635712914444,0.2991591954307897,0.03250437586065469
2025,0.24854622809047,0.20918020025783135,0.03936602783263865
2026,0.2545566996183908,0.1553725446368932,0.09918415498149757
