,value,momentum,quality,lowvol
2011-01-31,-0.050273789353392176,0.4323034331375141,0.3510484104172973,-0.1322529003905495
2011-02-28,-0.049078049507103164,0.5718423008832809,0.23677492347197696,-0.20192320065415711
2011-03-31,-0.08338203371050888,0.5356210385349925,0.2796570486439396,-0.16058739122266652
2011-04-30,-0.09569155919207031,0.6075796092182112,0.3435139193409085,-0.15184681157745789
2011-05-31,-0.05279138820309193,0.6473129724957402,0.3895572848769746,-0.1434188394456879
2011-06-30,-0.0435649972876494,0.624617477491854,0.3961979720985842,-0.17897346245116136
2011-07-31,-0.039658030571699726,0.5825285656678381,0.36466688849370793,-0.14981961724690804
2011-08-31,-0.1572544971485184,0.5018855131763534,0.3918620017275863,-0.0840917172231389
2011-09-30,-0.10973648840277078,0.4895024782990468,0.368887699589051,-0.05491689782660436
2011-10-31,-0.07874887177670528,0.4482135999544913,0.3244330991679525,-0.04656604236656209
2011-11-30,-0.09428019865111081,0.4426713794465926,0.3427139947200678,-0.049309050943155075
2011-12-31,-0.12746849381642159,0.507828787062071,0.3706690252971186,-0.05451973925813536
2012-01-31,-0.10318802785152786,0.4452031524879164,0.3652043751198003,-0.038807204224446
2012-02-29,-0.08218509031301979,0.5217681545479774,0.3602355758553989,-0.07485329581043554
2012-03-31,-0.09792294176960975,0.5392520735275604,0.408051214992318,-0.04525774545234473
2012-04-30,-0.04317096523832555,0.4062138024771077,0.3245930381822131,-0.019384216318770187
2012-05-31,-0.05205820829540717,0.422430196692411,0.28282161608433354,-0.01826195200596825
2012-06-30,-0.022918486588793655,0.40471177541159536,0.26179384699621217,-0.015430751370222096
2012-07-31,0.026842245746872606,0.42117819300841386,0.22023963982166966,-0.03444100104772718
2012-08-31,0.048910376713059825,0.44571973561512557,0.3193818293145688,-0.021813814450689695
2012-09-30,0.06873199014602777,0.42418925412125436,0.3067221257334606,-0.0567131793386631
2012-10-31,0.2355662866883984,0.38112997758315326,0.26754204513892144,-0.07399814374772595
2012-11-30,0.2257653410353524,0.3330628591886606,0.27430797674681895,-0.0801466010092663
2012-12-31,0.18661085362432386,0.37435068436123187,0.29813943693362066,-0.11954026014891816
2013-01-31,0.24277557535922673,0.3699999104341014,0.30405729061822206,-0.0898168842377235
2013-02-28,0.1353095497851526,0.4265771441808786,0.18075710280729299,-0.10607829151294934
2013-03-31,0.13669473542798977,0.4450264726630514,0.17182397049955056,-0.08309586557815368
2013-04-30,0.15964592449027273,0.4845067061785533,0.18784090456282415,-0.11371725193374893
2013-05-31,0.17306707877829314,0.4024646048308961,0.2152933682047,-0.04599446696694287
2013-06-30,0.18342848503384965,0.34914116727872285,0.21722004426088729,-0.06935511673808842
2013-07-31,0.21061872275857393,0.36760537342760513,0.17939805769340572,-0.03487609710965084
2013-08-31,0.15873072982384223,0.34792371231677444,0.1802665559291992,-0.10004291147835603
2013-09-30,0.15317866343497427,0.2974243048009328,0.21164177967641998,-0.10457168467777311
2013-10-31,0.12154363643856692,0.3245058914338219,0.2719136294882443,-0.14691657972156763
2013-11-30,0.17755843406748875,0.3589407191018761,0.22845212844676946,-0.10586964782058983
2013-12-31,0.16769886920608384,0.3605154669258145,0.22739792836693196,-0.1297715025600867
2014-01-31,0.19082973580681015,0.3567181856412799,0.24290900613333746,-0.16827802883883367
2014-02-28,0.13096462027687644,0.35652829836554084,0.3433742419823416,-0.14567287114043193
2014-03-31,0.13612551658955108,0.3211515985712173,0.3449056834457609,-0.10706297969404482
2014-04-30,0.18858907441319853,0.34761457717186306,0.27482634568806663,-0.11779030687009973
2014-05-31,0.16818307386143114,0.3301494166064151,0.24002192577419723,-0.06347907400206565
2014-06-30,0.23911946148890434,0.4234953658402498,0.30343493730661186,-0.11556029124854372
2014-07-31,0.14247610333391342,0.34968020717028037,0.3359725670875111,-0.07219168784568686
2014-08-31,0.15628890456622715,0.4082191035540936,0.22164881941094905,-0.09021774376680836
2014-09-30,0.17890981432473857,0.4296566323449646,0.1754050368610139,-0.09244881513948411
2014-10-31,0.1670759921610963,0.35768697703342855,0.19466193995882292,-0.053784238370400805
2014-11-30,0.11672791036431532,0.4160524090031947,0.320021857005158,-0.040577071491434524
2014-12-31,0.1502677496576576,0.39772343624711554,0.266474527798102,-0.04168176626516301
2015-01-31,0.1839378172162419,0.42394505143793715,0.22893519086448666,0.02507468944941832
2015-02-28,0.11682125356527412,0.4522695593187256,0.37245554076950493,-0.0592942142595414
2015-03-31,0.06121464626570439,0.4835263589082779,0.4551032667103991,-0.07495112646832475
2015-04-30,0.04662990158385791,0.4640697795839545,0.3647837994030667,-0.10384672360703673
2015-05-31,0.07599507927375243,0.3380151974335438,0.36045591527158655,-0.09820666538694911
2015-06-30,0.09851301131794724,0.36778140882492383,0.3483352157515372,-0.09618405744771155
2015-07-31,0.1405002469763638,0.3536244931558312,0.23228555302492238,-0.10556816852989659
2015-08-31,0.1198858628543744,0.34650993253759355,0.20395021434215793,-0.07876270781761663
2015-09-30,0.09544911756512545,0.3359521534063953,0.20342184353868473,-0.09911604405589852
2015-10-31,0.11269160504131434,0.3041529296840266,0.19404033457134504,-0.09689281572092837
2015-11-30,0.09814812909903524,0.2960704026264872,0.30434726719432503,-0.019402718816731335
2015-12-31,0.1156709414800196,0.3275793447136491,0.3198728083115431,-0.002809064053682031
2016-01-31,0.09152153079092036,0.35558826170309465,0.26665869919805374,0.020106638451441505
2016-02-29,0.0726412180684288,0.31246615930147725,0.24975467653429273,0.04936569783986189
2016-03-31,0.09637959118842496,0.34303462573211596,0.2966262308967509,0.038286710467229645
2016-04-30,0.13629552942452305,0.2816915880030181,0.3159915186669382,0.04160964543532064
2016-05-31,0.07943001550262171,0.28381775661499575,0.27393012163489006,0.04028978364308078
2016-06-30,0.0904951777351527,0.2632752620574547,0.2710339780660309,0.029066644184108814
2016-07-31,0.194679368270808,0.1693427005167012,0.2410603893271866,0.045647380469286125
2016-08-31,0.20751846025647963,0.2413557270538113,0.1894541726485534,-0.02913804169730072
2016-09-30,0.24007703689587906,0.30769542362534535,0.1677718383597625,-0.056172298937063214
2016-10-31,0.2644179656806802,0.40362497181519286,0.1472042767781125,-0.1075885728768351
2016-11-30,0.26823036212249923,0.3817274399520415,0.17547249812613458,-0.07934043069408836
2016-12-31,0.27946436671583264,0.4171997513783767,0.18514839310565656,-0.11520602373326239
2017-01-31,0.3496626134817695,0.38858075881407667,0.21595302462203117,-0.159071723615123
2017-02-28,0.228062791217723,0.46817188619863326,0.16117168230178658,-0.21374170359561367
2017-03-31,0.18748403997649207,0.5405122409005089,0.16782818378456726,-0.23253730617032337
2017-04-30,0.2042148592749089,0.5015822614401214,0.12769445550427397,-0.25247689784445687
2017-05-31,0.1882460536769555,0.4591569143230534,0.14384223793547515,-0.21398914467538
2017-06-30,0.2144387172634093,0.3988766417130508,0.16685563070041737,-0.1779281234193169
2017-07-31,0.23996774240726076,0.35941869692574585,0.1928970644417855,-0.056895511698236256
2017-08-31,0.2073715122253207,0.38476040791479305,0.18387806527212736,-0.04899725929377263
2017-09-30,0.18881891701682937,0.40715939254748834,0.20963473671186225,-0.03001151325388607
2017-10-31,0.14321124364816146,0.3924913114223385,0.3184736633118913,-0.07154854493321472
2017-11-30,0.14702039103164008,0.3012531392139461,0.30951304729776435,0.03670813111422855
2017-12-31,0.07942830560587699,0.3534711576827696,0.330629309778656,0.03187437232737872
2018-01-31,0.06462377622907421,0.4068323810884743,0.32466702314274165,0.010014005086178168
2018-02-28,0.013483935021178561,0.4582226630268918,0.3102999503828314,-0.09977535250378378
2018-03-31,0.028582597690498833,0.44627600826824443,0.3481013255906464,-0.14722753200710728
2018-04-30,0.08311856632521476,0.46046250837542124,0.37180881766313495,-0.19021409942229256
2018-05-31,0.0790116299995222,0.5468044459230741,0.36321748049448294,-0.17555624294710728
2018-06-30,0.08725734173295863,0.44323739876521506,0.3721961668338407,-0.15931714028266292
2018-07-31,0.11936629649469574,0.4068901873729783,0.31217821984634553,-0.1454403858252408
2018-08-31,0.15894537503941536,0.4554995827312672,0.217565693797714,-0.08751865879830226
2018-09-30,0.09406442532030344,0.4301385467621256,0.22927223897640545,-0.08723526622043418
2018-10-31,0.15868397465673123,0.43256253409084244,0.2071043782098359,-0.09696861949597482
2018-11-30,0.1606278278829902,0.3936023985937661,0.19195435129914273,-0.06539051705554624
2018-12-31,0.16112385535530754,0.33151542034156156,0.17652331685575318,-0.028660326706786643
2019-01-31,0.15962732988727346,0.3037147525068774,0.29795454229039964,-0.02752711856529433
2019-02-28,0.12339698194042402,0.34010656082810264,0.3294667607824814,-0.05549811682623798
2019-03-31,0.05326734404862388,0.3464882331239199,0.343387682982998,-0.05933813565915194
2019-04-30,0.07378937463380462,0.3243565023577065,0.36128399655988436,-0.009950231107742957
2019-05-31,0.054240893803386855,0.3293184014583478,0.27748194697336814,-0.0015517413278787195
2019-06-30,0.032768349753076784,0.3009677942588397,0.28415073215406306,0.0420970021637026
2019-07-31,0.030796700505579658,0.32696281336102756,0.31093357971019775,0.015250503805870896
2019-08-31,-0.019634703812222154,0.501566786866197,0.323023267510425,0.049505752091098365
2019-09-30,-0.04148277524866517,0.47520860164312106,0.3605724329570062,0.04334705320362592
2019-10-31,-0.013053387913207648,0.529563480862987,0.3542533853647807,0.02180289115585904
2019-11-30,-0.043879485093623494,0.4830935435481099,0.33821428180744867,-0.005621992724186842
2019-12-31,-0.030505633420597367,0.4527847404762949,0.30751685797127426,-0.050866687693815305
2020-01-31,-0.04667216550415548,0.49244207118704636,0.3484354297489285,-0.05189841854482197
2020-02-29,-0.06856464155378611,0.45485800740347376,0.3576535813196132,-0.07017499785499531
2020-03-31,-0.036290182149180394,0.49265663267677917,0.4009486846873608,-0.08478989579250312
2020-04-30,-0.02003972206568083,0.4587553573301226,0.4532299597743195,-0.027162810529753945
2020-05-31,-0.029990379533908984,0.49689178864322614,0.4081375078504266,-0.02586415723778862
2020-06-30,-0.03998756586179597,0.5196977397450956,0.42812136336977696,-0.025074507160652015
2020-07-31,-0.08485391615664867,0.5115998441585639,0.36730178173469036,-0.010575498091028646
2020-08-31,-0.0708193178985706,0.5348835939406086,0.35315407038136803,-0.006851314649555074
2020-09-30,-0.007280454464651781,0.3779825819431328,0.3698282223031689,-0.006046723038568624
2020-10-31,-0.045302917173459134,0.2823428415274902,0.2829181234952033,-0.009914651186014534
2020-11-30,-0.04173073434916069,0.33295435829838593,0.2963211189362768,0.003997463522572353
2020-12-31,-0.0424756191259858,0.35289287044156226,0.27625196931200635,-0.006679271054165159
2021-01-31,-0.02911972404722793,0.3987861861681675,0.2612670632390422,-0.0440684343130584
2021-02-28,-0.0018958670360323948,0.4215168234993382,0.16419678887870723,-0.08638003604625363
2021-03-31,0.09110020820426427,0.32422997244152785,0.19244217638793443,-0.10048487854542876
2021-04-30,0.14311377819859,0.468362059860181,0.1623473316256725,-0.13250134240489203
2021-05-31,0.15433230810995047,0.40625596227586697,0.1424169162458478,-0.12454018846337457
2021-06-30,0.15577405339798758,0.5933286667297031,0.1246745720793464,-0.20973977635955895
2021-07-31,0.179650358273399,0.5638049153224861,0.10107442278926587,-0.23023011816536887
2021-08-31,0.17919383722561,0.5768030784948146,0.10835608228769616,-0.17554572666023163
2021-09-30,0.16104259120539993,0.4606371583543416,0.13780421218484737,-0.12833472442069227
2021-10-31,0.17084730857903796,0.4504408292332706,0.1410654745577375,-0.17075560938014145
2021-11-30,0.10350757863996292,0.43561558116728916,0.1273024289219309,-0.13634023850249793
2021-12-31,0.1104969935038482,0.4209532873495567,0.15877649250891523,-0.06868508746198865
2022-01-31,0.1192870673361327,0.4888480740782544,0.1873410290138171,-0.007496809983897124
2022-02-28,0.15653706567046488,0.5344772592161,0.2635259805946975,-0.09906863440746921
2022-03-31,0.15676424494826474,0.4615887982343442,0.25073656670964084,-0.11627503916450965
2022-04-30,0.11212284200553045,0.4831772070815373,0.20578497277565166,-0.13307106426463344
2022-05-31,0.1192766909331924,0.39977997433390955,0.21729025767983856,-0.12131242784647189
2022-06-30,0.17025083807580166,0.33403524257077294,0.18039112508241406,-0.09569451559042369
2022-07-31,0.16926991910686595,0.3289588213079154,0.1769229578127845,-0.10671581714001252
2022-08-31,0.20004865990110812,0.35713961245711573,0.14423196445051312,-0.09086419911800903
2022-09-30,0.18500972534277516,0.2930413394359186,0.16590085765130363,-0.07313852482509725
2022-10-31,0.21065074026198,0.24110600125359577,0.16198044718844562,-0.08003746070672144
2022-11-30,0.21204254056142724,0.219215700604217,0.21194692990296587,-0.07632788115528988
2022-12-31,0.21292978214518132,0.2330802596395706,0.26380705727360815,-0.0680591637237015
2023-01-31,0.24131302598686072,0.3349721139943288,0.2994238269087356,-0.07901007678374915
2023-02-28,0.2241972729334465,0.3903886285852639,0.21408201788682463,-0.058815314526632134
2023-03-31,0.24240237895936417,0.4220405447184935,0.18312224669566668,-0.06927709872303887
2023-04-30,0.19817819704638884,0.4266470757135007,0.18350141527206698,-0.08079716710807353
2023-05-31,0.16567455971617945,0.4385348220148333,0.1824145057913426,-0.0865668326504915
2023-06-30,0.1891809803026539,0.5125264784858539,0.18832029033909048,-0.08525329849407384
2023-07-31,0.19498976865755865,0.5601914922516167,0.14962427044087173,-0.06275071124024723
2023-08-31,0.17166692020370078,0.5800903145184845,0.21414379197301348,-0.0596382469765184
2023-09-30,0.15090149432637184,0.6031416746308532,0.24967460236567418,-0.03239658596176459
2023-10-31,0.136950103948509,0.4653828060045845,0.23315411091355076,-0.018152567236041223
2023-11-30,0.08919346758817082,0.4170805913529758,0.1973796291154103,-0.03078141688137917
2023-12-31,0.12033979384967779,0.26101468526668825,0.21108229580498938,-0.03195386515086668
2024-01-31,0.09174193845940434,0.3136575316494107,0.22836702706593437,-0.030311150602111314
2024-02-29,0.07639117112144617,0.3926568834389388,0.28400391846550543,-0.011680542753145146
2024-03-31,0.11460309731791903,0.3350844297058735,0.2055217387944993,-0.030267908056889836
2024-04-30,0.16900644944465992,0.30623368599100764,0.22378475722107305,-0.061174759599530115
2024-05-31,0.16276605750927042,0.3459132752300985,0.17263586034736922,-0.07475568170767777
2024-06-30,0.19830595696033998,0.4626887631595466,0.25842630831308655,-0.09042790744956036
2024-07-31,0.21165524477184883,0.43214719217417363,0.2210608930183423,-0.08386288447880152
2024-08-31,0.1934418542840566,0.32962371240664934,0.12825168897618844,-0.03589037679581686
2024-09-30,0.16779339756927567,0.3595651669048976,0.10364993104581044,-0.024732059173671855
2024-10-31,0.17458096677924395,0.33796009072732525,0.15355945095369816,-0.044544650546624404
2024-11-30,0.18004764460273098,0.37556076804867505,0.18650027142671965,-0.06417505523761217
2024-12-31,0.13724198443804392,0.31013594268689526,0.19611617726067365,-0.07197998322397607
2025-01-31,0.1341844134042426,0.2723534295114437,0.213028515287644,-0.10953564000596884
2025-02-28,0.16427926993920874,0.3216796546171334,0.22306731167834226,-0.06519828596253484
2025-03-31,0.09214875222311875,0.41617458373249383,0.2618514940221239,-0.0654357663415957
2025-04-30,0.0332282503475505,0.5700870061475762,0.3236094503152376,-0.08419884474267506
2025-05-31,0.0005409470628908175,0.5857699901164329,0.3097526382863434,-0.10935273947945584
2025-06-30,0.04007744063799698,0.5835547817407463,0.2610576129384943,-0.09136439166044977
2025-07-31,0.05572605041158546,0.5533539667612797,0.20418615347776092,-0.10136526551386027
2025-08-31,0.10295270928710387,0.377366077442307,0.22378393971752575,-0.059288511590764814
2025-09-30,0.12359930433997263,0.40941001658262544,0.2169499859054298,-0.05837759474069154
2025-10-31,0.1266774475746775,0.38159498572033546,0.21655744718582415,-0.08768089910360816
2025-11-30,0.1642453181725079,0.3867846630622096,0.19367400496596887,-0.06188327646767297
2025-12-31,0.1736603308021751,0.44074455362112525,0.21597270237014654,-0.059526670655234065
2026-01-31,0.14783490672292987,0.4245792899503852,0.28964484850284267,-0.08507089651782604
2026-02-28,0.001928028018397629,0.4811916578114577,0.2626180180552633,-0.1407615868669923
2026-03-31,-0.006558102989092596,0.46065575911519446,0.29413405880543225,-0.14430467214657927
2026-04-30,0.018355911182699428,0.41748985832262375,0.24336364144881728,-0.17444276403311992
2026-05-31,0.005544124004715434,0.3923007605394686,0.2330185963087108,-0.2440542703788179
2026-06-30,-0.011431176449853697,0.3726785426480324,0.2474330491639709,-0.27807808395418576
2026-07-31,0.2573816426943418,0.39426841612075,0.14021403020462603,-0.2449127480391795
2026-08-31,0.23769191048618316,0.48691782469849,0.14211814449894156,-0.2704104596768731
