,Excess ret,TE,IR,Sharpe,Beta,Max DD,1-way TO
"Base (λ=1, cap 5%, TO 20%)",-0.009001025272362684,0.031848757412831684,-0.3049029934054208,1.0151731433505151,0.8864070031844326,-0.22368595183563555,0.08351843455385087
λ = 0.5,-0.005252217397911707,0.01955508763842247,-0.29703039188706626,1.0101403567876008,0.9311763994336136,-0.23616023921474105,0.04665808137134605
λ = 2.0,-0.010271363542545986,0.0476036991559189,-0.23681486916032315,1.0287540426661967,0.8350620376186054,-0.21106390693358645,0.1487019187345892
No single-name cap,-0.009654884724172863,0.029017189653989618,-0.3416847180808928,0.9908502815410436,0.9094851291239883,-0.2288384451051818,0.08666257111378439
Name cap 3%,-0.011501625644355418,0.03829470873295306,-0.31762483312763673,1.0113296150915283,0.8631542484584196,-0.21429584859895945,0.08188602448344581
Turnover cap 10%,-0.008906632021073335,0.03177998502434534,-0.30266823369942314,1.0153429057923322,0.886955109311655,-0.22364833781168603,0.08044008647993224
No turnover cap,-0.009001025272362684,0.031848757412831684,-0.3049029934054208,1.0151731433505151,0.8864070031844326,-0.22368595183563555,0.08351843455385087
3-factor (drop low-vol),0.006680022728127399,0.029128808138099784,0.20767388368621448,1.0187793006585446,0.9918109699381187,-0.24446419833703348,0.11997101681690021
3-factor (drop value),-0.007860768195044221,0.03428826204026424,-0.2520861062007226,1.019030291515672,0.8857587357396732,-0.227694467524316,0.08375090346684587
